{
    "avg_prec": 0.39574970865367515,
    "roc_auc": 0.915067543054696
}